taRegId,landRegId,name,lat,lng
11B10101,11B00000,서울,37.5665,126.9780
11B10102,11B00000,과천,37.4292,126.9876
11B10103,11B00000,광명,37.4786,126.8644
11B20101,11B00000,강화,37.7469,126.4878
11B20102,11B00000,김포,37.6153,126.7159
11B20201,11B00000,인천,37.4563,126.7052
11B20202,11B00000,시흥,37.3799,126.8031
11B20203,11B00000,안산,37.3219,126.8309
11B20204,11B00000,부천,37.5034,126.7660
11B20301,11B00000,의정부,37.7381,127.0337
11B20302,11B00000,고양,37.6584,126.8320
11B20304,11B00000,양주,37.7853,127.0457
11B20305,11B00000,파주,37.7599,126.7800
11B20401,11B00000,동두천,37.9036,127.0606
11B20402,11B00000,연천,38.0966,127.0747
11B20403,11B00000,포천,37.8949,127.2003
11B20404,11B00000,가평,37.8315,127.5095
11B20501,11B00000,구리,37.5943,127.1296
11B20502,11B00000,남양주,37.6360,127.2165
11B20503,11B00000,양평,37.4917,127.4875
11B20504,11B00000,하남,37.5393,127.2149
11B20601,11B00000,수원,37.2636,127.0286
11B20602,11B00000,안양,37.3943,126.9568
11B20603,11B00000,오산,37.1499,127.0775
11B20604,11B00000,화성,37.1995,126.8312
11B20605,11B00000,성남,37.4200,127.1265
11B20606,11B00000,평택,36.9921,127.1127
11B20609,11B00000,의왕,37.3446,126.9683
11B20610,11B00000,군포,37.3617,126.9352
11B20611,11B00000,안성,37.0080,127.2798
11B20612,11B00000,용인,37.2411,127.1776
11B20701,11B00000,이천,37.2720,127.4350
11B20702,11B00000,광주(경기),37.4295,127.2550
11B20703,11B00000,여주,37.2984,127.6376
11C10101,11C10000,충주,36.9910,127.9259
11C10102,11C10000,진천,36.8553,127.4356
11C10103,11C10000,음성,36.9403,127.6905
11C10201,11C10000,제천,37.1326,128.1909
11C10202,11C10000,단양,36.9845,128.3655
11C10301,11C10000,청주,36.6424,127.4890
11C10302,11C10000,보은,36.4894,127.7295
11C10303,11C10000,괴산,36.8153,127.7868
11C10304,11C10000,증평,36.7853,127.5812
11C10401,11C10000,추풍령,36.2200,127.9900
11C10402,11C10000,영동,36.1750,127.7836
11C10403,11C10000,옥천,36.3064,127.5714
11C20101,11C20000,서산,36.7845,126.4503
11C20102,11C20000,태안,36.7456,126.2980
11C20103,11C20000,당진,36.8930,126.6290
11C20104,11C20000,홍성,36.6012,126.6608
11C20201,11C20000,보령,36.3334,126.6127
11C20202,11C20000,서천,36.0803,126.6918
11C20301,11C20000,천안,36.8151,127.1139
11C20302,11C20000,아산,36.7898,127.0019
11C20303,11C20000,예산,36.6826,126.8486
11C20401,11C20000,대전,36.3504,127.3845
11C20402,11C20000,공주,36.4465,127.1190
11C20403,11C20000,계룡,36.2745,127.2487
11C20404,11C20000,세종,36.4800,127.2890
11C20501,11C20000,부여,36.2756,126.9097
11C20502,11C20000,청양,36.4591,126.8022
11C20601,11C20000,금산,36.1089,127.4880
11C20602,11C20000,논산,36.1872,127.0987
11D10101,11D10000,철원,38.1466,127.3132
11D10102,11D10000,화천,38.1063,127.7082
11D10201,11D10000,인제,38.0698,128.1703
11D10202,11D10000,양구,38.1100,127.9895
11D10301,11D10000,춘천,37.8813,127.7298
11D10302,11D10000,홍천,37.6971,127.8888
11D10401,11D10000,원주,37.3422,127.9202
11D10402,11D10000,횡성,37.4917,127.9847
11D10501,11D10000,영월,37.1837,128.4617
11D10502,11D10000,정선,37.3807,128.6608
11D10503,11D10000,평창,37.3705,128.3903
11D20201,11D20000,대관령,37.6772,128.7183
11D20301,11D20000,태백,37.1640,128.9856
11D20401,11D20000,속초,38.2070,128.5918
11D20402,11D20000,고성(강원),38.3806,128.4678
11D20403,11D20000,양양,38.0754,128.6190
11D20501,11D20000,강릉,37.7519,128.8761
11D20601,11D20000,동해,37.5247,129.1143
11D20602,11D20000,삼척,37.4499,129.1652
11F10201,11F10000,전주,35.8242,127.1480
11F10202,11F10000,익산,35.9483,126.9577
11F10203,11F10000,정읍,35.5699,126.8560
11F10204,11F10000,완주,35.9047,127.1619
11F10301,11F10000,장수,35.6475,127.5210
11F10302,11F10000,무주,36.0071,127.6609
11F10303,11F10000,진안,35.7917,127.4249
11F10401,11F10000,남원,35.4164,127.3904
11F10402,11F10000,임실,35.6175,127.2890
11F10403,11F10000,순창,35.3744,127.1375
11F20301,11F20000,완도,34.3110,126.7550
11F20302,11F20000,해남,34.5736,126.5993
11F20303,11F20000,강진,34.6421,126.7673
11F20304,11F20000,장흥,34.6816,126.9069
11F20401,11F20000,여수,34.7604,127.6622
11F20402,11F20000,광양,34.9407,127.6959
11F20403,11F20000,고흥,34.6112,127.2850
11F20404,11F20000,보성,34.7715,127.0799
11F20405,11F20000,순천시,34.9507,127.4872
11F20501,11F20000,광주(전남),35.1595,126.8526
11F20502,11F20000,장성,35.3018,126.7849
11F20503,11F20000,나주,35.0160,126.7107
11F20504,11F20000,담양,35.3212,126.9882
11F20505,11F20000,화순,35.0648,126.9863
11F20601,11F20000,구례,35.2024,127.4630
11F20602,11F20000,곡성,35.2819,127.2920
11F20603,11F20000,순천,34.9507,127.4872
11F20701,11F20000,흑산도,34.6840,125.4350
11G00101,11G00000,성산,33.3870,126.8800
11G00201,11G00000,제주,33.4996,126.5312
11G00302,11G00000,성판악,33.3850,126.6200
11G00401,11G00000,서귀포,33.2541,126.5601
11G00501,11G00000,고산,33.2930,126.1630
11G00800,11G00000,추자도,33.9560,126.3000
11G00901,11G00000,산천단,33.4300,126.5500
11G01001,11G00000,한남,33.3300,126.6700
11H10101,11H10000,울진,36.9930,129.4004
11H10102,11H10000,영덕,36.4153,129.3655
11H10201,11H10000,포항,36.0190,129.3435
11H10202,11H10000,경주,35.8562,129.2247
11H10301,11H10000,문경,36.5866,128.1867
11H10302,11H10000,상주,36.4108,128.1590
11H10303,11H10000,예천,36.6577,128.4527
11H10401,11H10000,영주,36.8057,128.6241
11H10402,11H10000,봉화,36.8931,128.7325
11H10403,11H10000,영양,36.6669,129.1124
11H10501,11H10000,안동,36.5684,128.7294
11H10502,11H10000,의성,36.3527,128.6970
11H10503,11H10000,청송,36.4360,129.0571
11H10601,11H10000,김천,36.1398,128.1137
11H10602,11H10000,구미,36.1195,128.3446
11H10604,11H10000,고령,35.7285,128.2629
11H10605,11H10000,성주,35.9192,128.2830
11H10701,11H10000,대구,35.8714,128.6014
11H10702,11H10000,영천,35.9733,128.9386
11H10703,11H10000,경산,35.8251,128.7414
11H10704,11H10000,청도,35.6475,128.7340
11H10705,11H10000,칠곡,35.9955,128.4017
11H10707,11H10000,군위,36.2428,128.5728
11H20101,11H20000,울산,35.5384,129.3114
11H20102,11H20000,양산,35.3350,129.0373
11H20201,11H20000,부산,35.1796,129.0756
11H20301,11H20000,창원,35.2280,128.6811
11H20304,11H20000,김해,35.2285,128.8894
11H20401,11H20000,통영,34.8544,128.4331
11H20402,11H20000,사천,35.0036,128.0642
11H20403,11H20000,거제,34.8806,128.6211
11H20404,11H20000,고성(경남),34.9730,128.3228
11H20405,11H20000,남해,34.8375,127.8924
11H20501,11H20000,함양,35.5205,127.7252
11H20502,11H20000,거창,35.6867,127.9095
11H20503,11H20000,합천,35.5667,128.1658
11H20601,11H20000,밀양,35.5038,128.7464
11H20602,11H20000,의령,35.3222,128.2617
11H20603,11H20000,함안,35.2725,128.4065
11H20604,11H20000,창녕,35.5446,128.4923
11H20701,11H20000,진주,35.1800,128.1076
11H20703,11H20000,산청,35.4153,127.8735
11H20704,11H20000,하동,35.0674,127.7512
21F10501,11F10000,군산,35.9677,126.7369
21F10502,11F10000,김제,35.8036,126.8808
21F10601,11F10000,고창,35.4358,126.7020
21F10602,11F10000,부안,35.7318,126.7336
21F20101,11F20000,함평,35.0660,126.5166
21F20102,11F20000,영광,35.2772,126.5121
21F20201,11F20000,진도,34.4869,126.2635
21F20801,11F20000,목포,34.8118,126.3922
21F20802,11F20000,영암,34.8000,126.6968
21F20803,11F20000,신안,34.8268,126.1070
21F20804,11F20000,무안,34.9904,126.4817
